[
{
  "model": "cat_network.catuser",
  "pk": 1,
  "fields": {
    "password": "pbkdf2_sha256$870000$GqDSsaMJMJVFvxjlCJviaR$I//oVY5HSbDQA4I/LfouDZReGFh6HLYRF6CHhLwvSfA=",
    "last_login": "2024-12-04T14:49:05.329Z",
    "is_superuser": true,
    "username": "catmin",
    "first_name": "",
    "last_name": "",
    "email": "catmin@catmin.com",
    "is_staff": true,
    "is_active": true,
    "date_joined": "2024-11-21T13:04:09Z",
    "age": 3,
    "breed": "Other",
    "bio": "May may may may, may may miay miay miay",
    "profile_picture": "profile_pictures/photo3.jpg",
    "groups": [],
    "user_permissions": [],
    "followers": [
      6,
      7
    ]
  }
},
{
  "model": "cat_network.catuser",
  "pk": 5,
  "fields": {
    "password": "pbkdf2_sha256$870000$TQtTW2tZInzZrGtM9EqbS6$ZuM/Rtv3wEJe28uZeOEBL7XkANzctBeQEq/md5iLKiQ=",
    "last_login": "2024-11-25T10:54:08.122Z",
    "is_superuser": false,
    "username": "blacky",
    "first_name": "Blacky",
    "last_name": "",
    "email": "",
    "is_staff": false,
    "is_active": true,
    "date_joined": "2024-11-25T10:54:07.655Z",
    "age": 3,
    "breed": "",
    "bio": "",
    "profile_picture": "profile_pictures/photo6_zNzhtH2.jpg",
    "groups": [],
    "user_permissions": [],
    "followers": [
      1,
      6,
      7
    ]
  }
},
{
  "model": "cat_network.catuser",
  "pk": 6,
  "fields": {
    "password": "pbkdf2_sha256$870000$kqjy2NXufJrobYh9ksC7Rj$ZHCx5nj8jidc+9bEEbXLZC2+JPsC+/eLEsw2akCgUlU=",
    "last_login": "2024-11-28T16:09:08.654Z",
    "is_superuser": false,
    "username": "ruby",
    "first_name": "Ruby",
    "last_name": "",
    "email": "",
    "is_staff": false,
    "is_active": true,
    "date_joined": "2024-11-25T10:58:25.554Z",
    "age": 3,
    "breed": "Other",
    "bio": "I love miaw",
    "profile_picture": "profile_pictures/photo7_6mbALKt.jpg",
    "groups": [],
    "user_permissions": [],
    "followers": [
      1,
      7
    ]
  }
},
{
  "model": "cat_network.catuser",
  "pk": 7,
  "fields": {
    "password": "pbkdf2_sha256$870000$TrlQETfErkFLinK9M9dU2C$N11u2qqPLNlCOvusX0nxvl0HfrbwCfWW4ykqfRluNww=",
    "last_login": "2024-11-28T16:03:25.647Z",
    "is_superuser": false,
    "username": "ivy",
    "first_name": "",
    "last_name": "",
    "email": "",
    "is_staff": false,
    "is_active": true,
    "date_joined": "2024-11-25T13:31:30.942Z",
    "age": 0,
    "breed": "Other",
    "bio": "",
    "profile_picture": "",
    "groups": [],
    "user_permissions": [],
    "followers": [
      1,
      6
    ]
  }
},
{
  "model": "cat_network.post",
  "pk": 1,
  "fields": {
    "author": 1,
    "title": "Mew",
    "body": "mew mew mew , miy mew miy",
    "created_at": "2024-11-21T14:14:56.070Z",
    "image": ""
  }
},
{
  "model": "cat_network.post",
  "pk": 2,
  "fields": {
    "author": 1,
    "title": "Meay meay",
    "body": "miy miy miy meaw",
    "created_at": "2024-11-21T14:19:55.057Z",
    "image": ""
  }
},
{
  "model": "cat_network.post",
  "pk": 3,
  "fields": {
    "author": 1,
    "title": "mew mew meaw miy meaw))",
    "body": "miy^^",
    "created_at": "2024-11-22T08:42:53.108Z",
    "image": "posts/photo1.jpg"
  }
},
{
  "model": "cat_network.post",
  "pk": 4,
  "fields": {
    "author": 1,
    "title": "MIAAAY",
    "body": "^^",
    "created_at": "2024-11-22T09:22:13.444Z",
    "image": ""
  }
},
{
  "model": "cat_network.post",
  "pk": 5,
  "fields": {
    "author": 1,
    "title": "MEAWWW",
    "body": "^^",
    "created_at": "2024-11-22T09:27:04.358Z",
    "image": "posts/photo2.jpg"
  }
},
{
  "model": "cat_network.post",
  "pk": 6,
  "fields": {
    "author": 1,
    "title": "MEAWW",
    "body": "^^",
    "created_at": "2024-11-22T09:31:37.445Z",
    "image": "posts/photo2_KZ8TFNG.jpg"
  }
},
{
  "model": "cat_network.post",
  "pk": 7,
  "fields": {
    "author": 1,
    "title": "MEAWW",
    "body": "^^",
    "created_at": "2024-11-22T09:31:58.210Z",
    "image": "posts/photo2_JUP0IU5.jpg"
  }
},
{
  "model": "cat_network.post",
  "pk": 8,
  "fields": {
    "author": 1,
    "title": "MIAY miy miy",
    "body": "^_^",
    "created_at": "2024-11-22T09:38:32.772Z",
    "image": "posts/photo3_28m9ptE.jpg"
  }
},
{
  "model": "cat_network.post",
  "pk": 9,
  "fields": {
    "author": 1,
    "title": "MIEW",
    "body": "miy miy",
    "created_at": "2024-11-22T09:38:59.036Z",
    "image": ""
  }
},
{
  "model": "cat_network.post",
  "pk": 10,
  "fields": {
    "author": 6,
    "title": "Mey eweweew^^",
    "body": "mew mew me",
    "created_at": "2024-11-26T10:44:41.642Z",
    "image": "posts/photo2_lWTNWaw.jpg"
  }
},
{
  "model": "cat_network.comment",
  "pk": 3,
  "fields": {
    "author": 1,
    "post": 2,
    "text": "miaaayy",
    "created_at": "2024-11-22T13:55:54.025Z"
  }
},
{
  "model": "cat_network.comment",
  "pk": 4,
  "fields": {
    "author": 6,
    "post": 1,
    "text": "mimiymiyyy",
    "created_at": "2024-11-25T11:08:36.826Z"
  }
},
{
  "model": "cat_network.comment",
  "pk": 5,
  "fields": {
    "author": 6,
    "post": 2,
    "text": "yufjcutjk",
    "created_at": "2024-11-26T13:24:09.104Z"
  }
},
{
  "model": "cat_network.like",
  "pk": 13,
  "fields": {
    "user": 1,
    "post": 2
  }
},
{
  "model": "cat_network.like",
  "pk": 16,
  "fields": {
    "user": 1,
    "post": 4
  }
},
{
  "model": "cat_network.like",
  "pk": 18,
  "fields": {
    "user": 1,
    "post": 7
  }
},
{
  "model": "cat_network.like",
  "pk": 22,
  "fields": {
    "user": 1,
    "post": 9
  }
},
{
  "model": "cat_network.like",
  "pk": 25,
  "fields": {
    "user": 1,
    "post": 1
  }
},
{
  "model": "cat_network.like",
  "pk": 27,
  "fields": {
    "user": 1,
    "post": 5
  }
},
{
  "model": "cat_network.like",
  "pk": 28,
  "fields": {
    "user": 1,
    "post": 6
  }
},
{
  "model": "cat_network.like",
  "pk": 29,
  "fields": {
    "user": 1,
    "post": 3
  }
},
{
  "model": "cat_network.like",
  "pk": 31,
  "fields": {
    "user": 1,
    "post": 8
  }
},
{
  "model": "cat_network.like",
  "pk": 44,
  "fields": {
    "user": 6,
    "post": 5
  }
},
{
  "model": "cat_network.like",
  "pk": 55,
  "fields": {
    "user": 6,
    "post": 6
  }
},
{
  "model": "cat_network.like",
  "pk": 57,
  "fields": {
    "user": 6,
    "post": 9
  }
},
{
  "model": "cat_network.like",
  "pk": 58,
  "fields": {
    "user": 6,
    "post": 10
  }
},
{
  "model": "cat_network.like",
  "pk": 59,
  "fields": {
    "user": 6,
    "post": 3
  }
},
{
  "model": "cat_network.like",
  "pk": 60,
  "fields": {
    "user": 6,
    "post": 4
  }
},
{
  "model": "cat_network.like",
  "pk": 61,
  "fields": {
    "user": 6,
    "post": 1
  }
},
{
  "model": "cat_network.like",
  "pk": 62,
  "fields": {
    "user": 6,
    "post": 2
  }
},
{
  "model": "cat_network.like",
  "pk": 64,
  "fields": {
    "user": 6,
    "post": 8
  }
},
{
  "model": "cat_network.like",
  "pk": 65,
  "fields": {
    "user": 6,
    "post": 7
  }
},
{
  "model": "cat_network.like",
  "pk": 67,
  "fields": {
    "user": 7,
    "post": 10
  }
},
{
  "model": "cat_network.like",
  "pk": 69,
  "fields": {
    "user": 7,
    "post": 1
  }
},
{
  "model": "cat_network.like",
  "pk": 70,
  "fields": {
    "user": 7,
    "post": 2
  }
},
{
  "model": "cat_network.like",
  "pk": 71,
  "fields": {
    "user": 7,
    "post": 3
  }
},
{
  "model": "cat_network.like",
  "pk": 72,
  "fields": {
    "user": 7,
    "post": 4
  }
},
{
  "model": "cat_network.like",
  "pk": 73,
  "fields": {
    "user": 7,
    "post": 5
  }
}
]
